{
  "$schema": "https://ui.shadcn.com/schema.json",
  "style": "default",
  "rsc": false,
  "tsx": true,
  "tailwind": {
    "config": "tailwind.config.ts",
    "css": "src/index.css",
    "baseColor": "neutral",
    "cssVariables": true
  },
  "iconLibrary": "lucide",
  "aliases": {
    "components": "src/components",
    "utils": "src/lib/utils"
  },
  "registries": {
    "@aceternity": "https://ui.aceternity.com/registry/{name}.json",
    "@magicui": "https://magicui.design/r/{name}.json"
  }
}
